{
    "CurCompileModules": [
        "...MASTER...",
        "...MASTER...",
        "std",
        "std",
        "fifo_tb",
        "fifo_tb"
    ],
    "stat": {
        "ru_self_cgstart": {
            "ru_nvcsw": 306,
            "ru_utime_sec": 0.051990000000000001,
            "ru_majflt": 0,
            "ru_stime_sec": 0.019931999999999998,
            "ru_maxrss_kb": 119012,
            "ru_minflt": 7500,
            "ru_nivcsw": 9
        },
        "ru_childs_cgstart": {
            "ru_nvcsw": 16,
            "ru_utime_sec": 0.0055830000000000003,
            "ru_majflt": 0,
            "ru_stime_sec": 0.0075909999999999997,
            "ru_maxrss_kb": 119012,
            "ru_minflt": 3745,
            "ru_nivcsw": 1
        },
        "ru_self_end": {
            "ru_nvcsw": 428,
            "ru_utime_sec": 0.084564,
            "ru_majflt": 0,
            "ru_stime_sec": 0.023158999999999999,
            "ru_maxrss_kb": 131080,
            "ru_minflt": 9198,
            "ru_nivcsw": 11
        },
        "nMops": 5369,
        "nQuads": 2382,
        "cpu_cycles_cgstart": 4544994510952395,
        "totalObjSize": 252018,
        "mop/quad": 2.2539882451721245,
        "realTime": 0.42118406295776367,
        "ru_childs_end": {
            "ru_nvcsw": 20,
            "ru_utime_sec": 0.0069639999999999997,
            "ru_majflt": 0,
            "ru_stime_sec": 0.0075909999999999997,
            "ru_maxrss_kb": 119012,
            "ru_minflt": 3967,
            "ru_nivcsw": 1
        },
        "cpu_cycles_end": 4544994745864771,
        "cpu_cycles_total": 811676008,
        "mopSpeed": 158121.04255632454,
        "quadSpeed": 70151.671329701072,
        "CodeGen(%)": 37.097937243247969,
        "outputSizePerQuad": 105.80100755667506,
        "Frontend(%)": 62.902062756752031,
        "peak_mem_kb": 330228
    },
    "cycles_program_begin": 4544993934188763,
    "MlibObjs": {},
    "perf": [
        {
            "stat": [
                "main",
                "entry",
                0.01470184326171875,
                0.017461999999999998,
                0.010692,
                220688,
                220688,
                0.0,
                0.0,
                1729041937.3933859,
                4544993934276133
            ],
            "sub": [
                {
                    "stat": [
                        "doParsingAndDesignResolution",
                        "entry",
                        0.082386016845703125,
                        0.033151,
                        0.01576,
                        314192,
                        314860,
                        0.0,
                        0.0,
                        1729041937.4610701,
                        4544994069414483
                    ],
                    "sub": []
                },
                {
                    "stat": [
                        "doParsingAndDesignResolution",
                        "exit",
                        0.10433793067932129,
                        0.035971000000000003,
                        0.017759,
                        315140,
                        315788,
                        0.0,
                        0.0,
                        1729041937.483022,
                        4544994113257739
                    ],
                    "sub": []
                },
                {
                    "stat": [
                        "doPostDesignResolutionToVir2Vcs",
                        "entry",
                        0.10992193222045898,
                        0.036346000000000003,
                        0.017759,
                        315308,
                        315788,
                        0.0,
                        0.0,
                        1729041937.488606,
                        4544994124396777
                    ],
                    "sub": [
                        {
                            "stat": [
                                "doUptoVir2VcsNoSepCleanup",
                                "entry",
                                0.16046595573425293,
                                0.038066999999999997,
                                0.019051999999999999,
                                316276,
                                316276,
                                0.0,
                                0.0,
                                1729041937.53915,
                                4544994225314907
                            ],
                            "sub": []
                        },
                        {
                            "stat": [
                                "doUptoVir2VcsNoSepCleanup",
                                "exit",
                                0.26217103004455566,
                                0.049860000000000002,
                                0.019051999999999999,
                                317892,
                                330228,
                                0.0,
                                0.0,
                                1729041937.6408551,
                                4544994428400835
                            ],
                            "sub": []
                        },
                        {
                            "stat": [
                                "doRadify_vir2vcsAll",
                                "entry",
                                0.26219296455383301,
                                0.049882999999999997,
                                0.019051999999999999,
                                317892,
                                330228,
                                0.0,
                                0.0,
                                1729041937.640877,
                                4544994428426833
                            ],
                            "sub": []
                        },
                        {
                            "stat": [
                                "doRadify_vir2vcsAll",
                                "exit",
                                0.27128696441650391,
                                0.051962000000000001,
                                0.019051999999999999,
                                318788,
                                330228,
                                0.0,
                                0.0,
                                1729041937.649971,
                                4544994446607647
                            ],
                            "sub": []
                        }
                    ]
                },
                {
                    "stat": [
                        "doPostDesignResolutionToVir2Vcs",
                        "exit",
                        0.27130699157714844,
                        0.051982,
                        0.019051999999999999,
                        318788,
                        330228,
                        0.0,
                        0.0,
                        1729041937.649991,
                        4544994446624539
                    ],
                    "sub": []
                },
                {
                    "stat": [
                        "doGAToPass2",
                        "entry",
                        0.27131485939025879,
                        0.051990000000000001,
                        0.019051999999999999,
                        318788,
                        330228,
                        0.0,
                        0.0,
                        1729041937.6499989,
                        4544994446637893
                    ],