{
    "cycles_program_begin": 4545020676438799,
    "SIMBData": {
        "out": "amcQwB.o",
        "bytes": 103346,
        "text": 0,
        "archive": "archive.42/_2595848_archive_1.a"
    },
    "stat": {
        "CodeGen(%)": 29.699505042765143,
        "ru_childs_end": {
            "ru_stime_sec": 0.004516,
            "ru_utime_sec": 0.0099270000000000001,
            "ru_maxrss_kb": 119708,
            "ru_majflt": 0,
            "ru_minflt": 3967,
            "ru_nvcsw": 19,
            "ru_nivcsw": 1
        },
        "ru_self_cgstart": {
            "ru_stime_sec": 0.013667,
            "ru_utime_sec": 0.058680999999999997,
            "ru_maxrss_kb": 119708,
            "ru_majflt": 0,
            "ru_minflt": 7579,
            "ru_nvcsw": 301,
            "ru_nivcsw": 7
        },
        "quadSpeed": 59828.46384492013,
        "ru_childs_cgstart": {
            "ru_stime_sec": 0.0038010000000000001,
            "ru_utime_sec": 0.0092110000000000004,
            "ru_maxrss_kb": 119708,
            "ru_majflt": 0,
            "ru_minflt": 3745,
            "ru_nvcsw": 15,
            "ru_nivcsw": 1
        },
        "totalObjSize": 228594,
        "cpu_cycles_cgstart": 4545021100718083,
        "nMops": 3989,
        "nQuads": 1716,
        "Frontend(%)": 70.300494957234847,
        "ru_self_end": {
            "ru_stime_sec": 0.016284,
            "ru_utime_sec": 0.086647000000000002,
            "ru_maxrss_kb": 131504,
            "ru_majflt": 0,
            "ru_minflt": 9608,
            "ru_nvcsw": 428,
            "ru_nivcsw": 9
        },
        "mopSpeed": 139076.7728889198,
        "cpu_cycles_end": 4545021318005953,
        "cpu_cycles_total": 641567154,
        "mop/quad": 2.3245920745920747,
        "outputSizePerQuad": 133.21328671328672,
        "peak_mem_kb": 333428,
        "realTime": 0.33597183227539062
    },
    "CompileStrategy": "fullobj",
    "perf": [
        {
            "stat": [
                "main",
                "entry",
                0.014680862426757812,
                0.021163000000000001,
                0.0070320000000000001,
                220688,
                220688,
                0.0,
                0.0,
                1729041950.786145,
                4545020676529953
            ],
            "sub": [
                {
                    "stat": [
                        "doParsingAndDesignResolution",
                        "entry",
                        0.071221828460693359,
                        0.038313,
                        0.010056000000000001,
                        314192,
                        314860,
                        0.0,
                        0.0,
                        1729041950.8426859,
                        4545020789411299
                    ],
                    "sub": []
                },
                {
                    "stat": [
                        "doParsingAndDesignResolution",
                        "exit",
                        0.084522008895874023,
                        0.041772999999999998,
                        0.010954999999999999,
                        315136,
                        315784,
                        0.0,
                        0.0,
                        1729041950.8559861,
                        4545020815974129
                    ],
                    "sub": []
                },
                {
                    "stat": [
                        "doPostDesignResolutionToVir2Vcs",
                        "entry",
                        0.089752912521362305,
                        0.041901000000000001,
                        0.011216,
                        315312,
                        315784,
                        0.0,
                        0.0,
                        1729041950.861217,
                        4545020826409413
                    ],
                    "sub": [
                        {
                            "stat": [
                                "doUptoVir2VcsNoSepCleanup",
                                "entry",
                                0.11010980606079102,
                                0.043372000000000001,
                                0.012977000000000001,
                                316280,
                                316280,
                                0.0,
                                0.0,
                                1729041950.8815739,
                                4545020867059215
                            ],
                            "sub": []
                        },
                        {
                            "stat": [
                                "doUptoVir2VcsNoSepCleanup",
                                "exit",
                                0.18717098236083984,
                                0.055617,
                                0.013635,
                                321092,
                                333428,
                                0.0,
                                0.0,
                                1729041950.9586351,
                                4545021020934601
                            ],
                            "sub": []
                        },
                        {
                            "stat": [
                                "doRadify_vir2vcsAll",
                                "entry",
                                0.18719387054443359,
                                0.055634999999999997,
                                0.013639999999999999,
                                321092,
                                333428,
                                0.0,
                                0.0,
                                1729041950.958658,
                                4545021020959787
                            ],
                            "sub": []
                        },
                        {
                            "stat": [
                                "doRadify_vir2vcsAll",
                                "exit",
                                0.19703292846679688,
                                0.057834000000000003,
                                0.013639999999999999,
                                322116,
                                333428,
                                0.0,
                                0.0,
                                1729041950.968497,
                                4545021040629285
                            ],
                            "sub": []
                        }
                    ]
                },
                {
                    "stat": [
                        "doPostDesignResolutionToVir2Vcs",
                        "exit",
                        0.19705295562744141,
                        0.057854000000000003,
                        0.013639999999999999,
                        322116,
                        333428,
                        0.0,
                        0.0,
                        1729041950.9685171,
                        4545021040646197
                    ],
                    "sub": []
                },
                {
                    "stat": [
                        "doGAToPass2",
                        "entry",
                        0.19706082344055176,
                        0.057861999999999997,
                        0.013639999999999999,
                        322116,
                        333428,
                        0.0,
                        0.0,
                        1729041950.9685249,
                        4545021040659111
                    ],