{
    "Modules": {
        "...MASTER...": {
            "start_perf": [
                0.27468991279602051,
                0.057634999999999999,
                0.015084999999999999,
                317232,
                330228,
                1729037874.6358559,
                4536881549079007
            ],
            "child_modules": {
                "std": 1,
                "fifo_tb": 1
            },
            "nRouts": 5,
            "end_perf": [
                0.30677103996276855,
                0.057634999999999999,
                0.017107000000000001,
                319728,
                330228,
                4536881613162188,
                0,
                0
            ],
            "nQuads": 0,
            "nMops": 0
        },
        "std": {
            "start_perf": [
                0.30682206153869629,
                0.057634999999999999,
                0.017158,
                319728,
                330228,
                1729037874.6679881,
                4536881613248158
            ],
            "child_modules": {},
            "nQuads": 315,
            "Compiled Times": 39,
            "Compiled": "Yes",
            "significant_routs": [
                [
                    2,
                    "T_VCSgd_reYIK_2_0",
                    3745946,
                    138,
                    12
                ],
                [
                    7,
                    "F_VCSgd_reYIK_7_0",
                    2943452,
                    462,
                    25
                ],
                [
                    8,
                    "F_VCSgd_reYIK_8_0",
                    2740022,
                    169,
                    15
                ]
            ],
            "nRouts": 33,
            "end_perf": [
                0.33347105979919434,
                0.062899999999999998,
                0.018180999999999999,
                323924,
                330228,
                4536881666471298,
                0,
                0
            ],
            "num_classes": 6,
            "svclass": [
                "$vcs_nba_dyn_obj",
                576,
                35,
                2,
                2,
                0,
                0,
                "sigprop$$",
                576,
                35,
                2,
                2,
                0,
                0,
                "process",
                2388,
                200,
                8,
                8,
                0,
                0,
                "event",
                597,
                34,
                2,
                2,
                0,
                0,
                "mailbox",
                1769,
                140,
                9,
                9,
                0,
                0,
                "semaphore",
                1119,
                83,
                5,
                5,
                0,
                0
            ],
            "nMops": 746
        },
        "fifo_tb": {
            "start_perf": [
                0.33349895477294922,
                0.062922000000000006,
                0.018187999999999999,
                323924,
                330228,
                1729037874.694665,
                4536881666514592
            ],
            "child_modules": {},
            "nQuads": 2067,
            "Compiled Times": 1,
            "Compiled": "Yes",
            "nRouts": 244,
            "end_perf": [
                0.36805891990661621,
                0.090995000000000006,
                0.019127000000000002,
                328292,
                330228,
                4536881735544571,
                21524900653,
                0
            ],
            "nMops": 4623
        }
    },
    "CompUnits": {
        "amcQw_d": {
            "mod": "...MASTER...",
            "checksum": 0,
            "bytes": 7856,
            "out": "objs/amcQw_d.o",
            "text": 450,
            "mode": 4
        },
        "reYIK_d": {
            "mod": "std",
            "checksum": 0,
            "bytes": 38800,
            "out": "reYIK_d.o",
            "text": 7345,
            "mode": 4,
            "cls": 7025,
            "archive": "archive.38/_2581755_archive_1.a"
        },
        "fst1W_d": {
            "mod": "fifo_tb",
            "checksum": 0,
            "bytes": 102136,
            "out": "fst1W_d.o",
            "text": 43686,
            "mode": 4,
            "archive": "archive.38/_2581755_archive_1.a"
        }
    },
    "reusePaths": {},
    "ObjArchives": [
        {
            "archive": "archive.38/_2581755_archive_1.a",
            "size": 244162,
            "objects": [
                [
                    "reYIK_d.o",
                    38800
                ],
                [
                    "fst1W_d.o",
                    102136
                ],
                [
                    "amcQwB.o",
                    103226
                ]
            ]
        }
    ],
    "stat": {
        "cpu_cycles_end": 4536881774875469,
        "ru_self_end": {
            "ru_minflt": 9564,
            "ru_utime_sec": 0.092817999999999998,
            "ru_stime_sec": 0.019295,
            "ru_maxrss_kb": 131084,
            "ru_nivcsw": 8,
            "ru_nvcsw": 423,
            "ru_majflt": 0
        },
        "ru_childs_end": {
            "ru_minflt": 3967,
            "ru_utime_sec": 0.0067169999999999999,
            "ru_stime_sec": 0.0078370000000000002,
            "ru_maxrss_kb": 119012,
            "ru_nivcsw": 0,
            "ru_nvcsw": 21,
            "ru_majflt": 0
        },
        "peak_mem_kb": 330228
    }
}