{
    "ObjArchives": [
        {
            "archive": "archive.28/_2146627_archive_1.a",
            "objects": [
                [
                    "bvImI_d.o",
                    45206
                ],
                [
                    "amcQwB.o",
                    102458
                ]
            ],
            "size": 147664
        }
    ],
    "Modules": {
        "...MASTER...": {
            "start_perf": [
                0.20572090148925781,
                0.056905999999999998,
                0.01448,
                320548,
                333416,
                1728868167.93259,
                4198016501319819
            ],
            "nMops": 0,
            "child_modules": {
                "uart2uart_tb": 1,
                "std": 1
            },
            "end_perf": [
                0.21725296974182129,
                0.057695000000000003,
                0.014681,
                321988,
                333416,
                4198016524359693,
                0,
                0
            ],
            "nQuads": 0,
            "nRouts": 5
        },
        "std": {
            "start_perf": [
                0.21729397773742676,
                0.057728000000000002,
                0.014689000000000001,
                321988,
                333416,
                1728868167.9441631,
                4198016524427821
            ],
            "num_classes": 6,
            "nMops": 528,
            "child_modules": {},
            "svclass": [
                "$vcs_nba_dyn_obj",
                0,
                35,
                2,
                2,
                0,
                0,
                "sigprop$$",
                0,
                35,
                2,
                2,
                0,
                0,
                "process",
                0,
                200,
                8,
                8,
                0,
                0,
                "event",
                0,
                34,
                2,
                2,
                0,
                0,
                "mailbox",
                0,
                140,
                9,
                9,
                0,
                0,
                "semaphore",
                0,
                84,
                5,
                5,
                0,
                0
            ],
            "Compiled": "Yes",
            "Compiled Times": 29,
            "end_perf": [
                0.23065781593322754,
                0.059049999999999998,
                0.015025999999999999,
                321988,
                333416,
                4198016551128267,
                0,
                0
            ],
            "nQuads": 218,
            "nRouts": 33
        },
        "uart": {
            "start_perf": [
                0.2306828498840332,
                0.059069999999999998,
                0.015030999999999999,
                321988,
                333416,
                1728868167.957552,
                4198016551162317
            ],
            "nMops": 2179,
            "child_modules": {},
            "Compiled": "Yes",
            "nRouts": 132,
            "Compiled Times": 11,
            "end_perf": [
                0.25968194007873535,
                0.074036000000000005,
                0.01602,
                328508,
                333416,
                4198016609092927,
                1505173400970261663,
                0
            ],
            "nQuads": 978
        },
        "uart2uart_tb": {
            "start_perf": [
                0.25970983505249023,
                0.074059,
                0.016025000000000001,
                328508,
                333416,
                1728868167.9865789,
                4198016609125429
            ],
            "nMops": 1064,
            "child_modules": {
                "uart": 2
            },
            "Compiled": "Yes",
            "nRouts": 71,
            "Compiled Times": 11,
            "end_perf": [
                0.26269698143005371,
                0.075802999999999995,
                0.016184,
                328508,
                333416,
                4198016615103647,
                164766348331,
                0
            ],
            "nQuads": 423
        }
    },
    "CompUnits": {
        "bvImI_d": {
            "text": 18010,
            "mod": "uart",
            "archive": "archive.28/_2146627_archive_1.a",
            "out": "bvImI_d.o",
            "checksum": 0,
            "bytes": 45206,
            "mode": 4
        }
    },
    "stat": {
        "ru_self_end": {
            "ru_utime_sec": 0.076785000000000006,
            "ru_nivcsw": 12,
            "ru_stime_sec": 0.016965999999999998,
            "ru_maxrss_kb": 129352,
            "ru_minflt": 9213,
            "ru_majflt": 0,
            "ru_nvcsw": 425
        },
        "ru_childs_end": {
            "ru_utime_sec": 0.0075459999999999998,
            "ru_nivcsw": 1,
            "ru_stime_sec": 0.0064339999999999996,
            "ru_maxrss_kb": 119604,
            "ru_minflt": 3967,
            "ru_majflt": 0,
            "ru_nvcsw": 18
        },
        "cpu_cycles_end": 4198016654303067,
        "peak_mem_kb": 333416
    },
    "reusePaths": {
        "amcQw_d": {
            "icPath": "csrc"
        },
        "reYIK_d": {
            "icPath": "csrc"
        },
        "rZ3my_d": {
            "icPath": "csrc"
        }
    }
}