{
    "ObjArchives": [
        {
            "archive": "archive.42/_2595848_archive_1.a",
            "objects": [
                [
                    "reYIK_d.o",
                    38808
                ],
                [
                    "bvImI_d.o",
                    45206
                ],
                [
                    "rZ3my_d.o",
                    33362
                ],
                [
                    "amcQwB.o",
                    103346
                ]
            ],
            "size": 220722
        }
    ],
    "Modules": {
        "uart2uart_tb": {
            "start_perf": [
                0.29553580284118652,
                0.078294000000000002,
                0.016243,
                330596,
                333428,
                1729041951.0669999,
                4545021237296961
            ],
            "nMops": 1064,
            "child_modules": {
                "uart": 2
            },
            "Compiled": "Yes",
            "Compiled Times": 1,
            "end_perf": [
                0.3017427921295166,
                0.084470000000000003,
                0.016257000000000001,
                330596,
                333428,
                4545021249707071,
                164766348331,
                0
            ],
            "nQuads": 423,
            "nRouts": 71
        },
        "...MASTER...": {
            "start_perf": [
                0.22716188430786133,
                0.058699000000000001,
                0.013671000000000001,
                320560,
                333428,
                1729041950.998626,
                4545021100766665
            ],
            "nMops": 0,
            "child_modules": {
                "uart2uart_tb": 1,
                "std": 1
            },
            "end_perf": [
                0.24541997909545898,
                0.059961,
                0.013965,
                322980,
                333428,
                4545021137235565,
                0,
                0
            ],
            "nQuads": 0,
            "nRouts": 5
        },
        "std": {
            "start_perf": [
                0.24545979499816895,
                0.059993999999999999,
                0.013972999999999999,
                322980,
                333428,
                1729041951.0169239,
                4545021137305191
            ],
            "nMops": 746,
            "child_modules": {},
            "Compiled": "Yes",
            "Compiled Times": 43,
            "nQuads": 315,
            "significant_routs": [
                [
                    2,
                    "T_VCSgd_reYIK_2_0",
                    4367658,
                    138,
                    12
                ],
                [
                    7,
                    "F_VCSgd_reYIK_7_0",
                    2211120,
                    462,
                    25
                ],
                [
                    8,
                    "F_VCSgd_reYIK_8_0",
                    2667750,
                    169,
                    15
                ],
                [
                    24,
                    "F_VCSgd_reYIK_24_0",
                    2308664,
                    992,
                    90
                ]
            ],
            "num_classes": 6,
            "end_perf": [
                0.2727808952331543,
                0.063370999999999997,
                0.015306,
                327180,
                333428,
                4545021191871019,
                0,
                0
            ],
            "nRouts": 33,
            "svclass": [
                "$vcs_nba_dyn_obj",
                576,
                35,
                2,
                2,
                0,
                0,
                "sigprop$$",
                576,
                35,
                2,
                2,
                0,
                0,
                "process",
                2388,
                200,
                8,
                8,
                0,
                0,
                "event",
                597,
                34,
                2,
                2,
                0,
                0,
                "mailbox",
                1769,
                140,
                9,
                9,
                0,
                0,
                "semaphore",
                1119,
                83,
                5,
                5,
                0,
                0
            ]
        },
        "uart": {
            "start_perf": [
                0.27280688285827637,
                0.063392000000000004,
                0.015311999999999999,
                327180,
                333428,
                1729041951.044271,
                4545021191910161
            ],
            "nMops": 2179,
            "child_modules": {},
            "Compiled": "Yes",
            "Compiled Times": 1,
            "end_perf": [
                0.29551100730895996,
                0.078272999999999995,
                0.016239,
                330596,
                333428,
                4545021237265951,
                1505173400970261663,
                0
            ],
            "nQuads": 978,
            "nRouts": 132
        }
    },
    "CompUnits": {
        "amcQw_d": {
            "mod": "...MASTER...",
            "out": "objs/amcQw_d.o",
            "mode": 4,
            "bytes": 7872,
            "text": 450,
            "checksum": 0
        },
        "reYIK_d": {
            "mod": "std",
            "out": "reYIK_d.o",
            "mode": 4,
            "bytes": 38808,
            "text": 7345,
            "archive": "archive.42/_2595848_archive_1.a",
            "cls": 7025,
            "checksum": 0
        },
        "bvImI_d": {
            "mod": "uart",
            "out": "bvImI_d.o",
            "mode": 4,
            "bytes": 45206,
            "text": 18010,
            "checksum": 0,
            "archive": "archive.42/_2595848_archive_1.a"
        },
        "rZ3my_d": {
            "mod": "uart2uart_tb",
            "out": "rZ3my_d.o",
            "mode": 4,
            "bytes": 33362,
            "text": 10973,
            "checksum": 0,
            "archive": "archive.42/_2595848_archive_1.a"
        }
    },
    "stat": {
        "ru_self_end": {
            "ru_stime_sec": 0.016265999999999999,
            "ru_utime_sec": 0.086553000000000005,
            "ru_maxrss_kb": 131504,
            "ru_majflt": 0,
            "ru_minflt": 9608,
            "ru_nvcsw": 425,
            "ru_nivcsw": 9
        },
        "ru_childs_end": {
            "ru_stime_sec": 0.004516,
            "ru_utime_sec": 0.0099270000000000001,
            "ru_maxrss_kb": 119708,
            "ru_majflt": 0,
            "ru_minflt": 3967,
            "ru_nvcsw": 19,
            "ru_nivcsw": 1
        },
        "peak_mem_kb": 333428,
        "cpu_cycles_end": 4545021313542509
    },
    "reusePaths": {}
}