{
    "Modules": {
        "...MASTER...": {
            "start_perf": [
                0.23227095603942871,
                0.055433000000000003,
                0.016535000000000001,
                317232,
                330228,
                1728873463.205323,
                4208589934462607
            ],
            "nRouts": 5,
            "child_modules": {
                "std": 1,
                "fifo_tb": 1
            },
            "end_perf": [
                0.24434304237365723,
                0.056425000000000003,
                0.016535000000000001,
                318736,
                330228,
                4208589958579037,
                0,
                0
            ],
            "nQuads": 0,
            "nMops": 0
        },
        "std": {
            "start_perf": [
                0.24438190460205078,
                0.056464,
                0.016535000000000001,
                318736,
                330228,
                1728873463.2174339,
                4208589958643859
            ],
            "svclass": [
                "$vcs_nba_dyn_obj",
                0,
                35,
                2,
                2,
                0,
                0,
                "sigprop$$",
                0,
                35,
                2,
                2,
                0,
                0,
                "process",
                0,
                200,
                8,
                8,
                0,
                0,
                "event",
                0,
                34,
                2,
                2,
                0,
                0,
                "mailbox",
                0,
                140,
                9,
                9,
                0,
                0,
                "semaphore",
                0,
                84,
                5,
                5,
                0,
                0
            ],
            "nRouts": 33,
            "child_modules": {},
            "Compiled": "Yes",
            "Compiled Times": 36,
            "num_classes": 6,
            "end_perf": [
                0.25833892822265625,
                0.058136,
                0.016535000000000001,
                318736,
                330228,
                4208589986529075,
                0,
                0
            ],
            "nQuads": 218,
            "nMops": 528
        },
        "fifo_tb": {
            "start_perf": [
                0.25836396217346191,
                0.058160999999999997,
                0.016535000000000001,
                318736,
                330228,
                1728873463.231416,
                4208589986563515
            ],
            "nRouts": 244,
            "child_modules": {},
            "Compiled": "Yes",
            "nMops": 4623,
            "Compiled Times": 7,
            "end_perf": [
                0.30188608169555664,
                0.084562999999999999,
                0.017673000000000001,
                326192,
                330228,
                4208590073485653,
                21524900653,
                0
            ],
            "nQuads": 2067
        }
    },
    "CompUnits": {
        "fst1W_d": {
            "out": "fst1W_d.o",
            "mod": "fifo_tb",
            "bytes": 102136,
            "text": 43686,
            "mode": 4,
            "checksum": 0,
            "archive": "archive.35/_2165269_archive_1.a"
        }
    },
    "reusePaths": {
        "reYIK_d": {
            "icPath": "csrc"
        },
        "amcQw_d": {
            "icPath": "csrc"
        }
    },
    "ObjArchives": [
        {
            "archive": "archive.35/_2165269_archive_1.a",
            "objects": [
                [
                    "fst1W_d.o",
                    102136
                ],
                [
                    "amcQwB.o",
                    102418
                ]
            ],
            "size": 204554
        }
    ],
    "stat": {
        "ru_self_end": {
            "ru_utime_sec": 0.085335999999999995,
            "ru_stime_sec": 0.018827,
            "ru_nivcsw": 11,
            "ru_nvcsw": 427,
            "ru_maxrss_kb": 129672,
            "ru_minflt": 9736,
            "ru_majflt": 0
        },
        "peak_mem_kb": 330228,
        "ru_childs_end": {
            "ru_utime_sec": 0.006718,
            "ru_stime_sec": 0.0081019999999999998,
            "ru_nivcsw": 2,
            "ru_nvcsw": 19,
            "ru_maxrss_kb": 118600,
            "ru_minflt": 3967,
            "ru_majflt": 0
        },
        "cpu_cycles_end": 4208590116592305
    }
}