{
    "cycles_program_begin": 4812918737615411,
    "cpu_cycles_pass2_start": 4812919242028767,
    "NameTable": {
        "std": [
            "std",
            "reYIK",
            "module",
            1
        ],
        "shift_register_behavioral_tb": [
            "shift_register_behavioral_tb",
            "svIny",
            "module",
            5
        ],
        "d_flip_flop": [
            "d_flip_flop",
            "zyzfg",
            "module",
            3
        ],
        "...MASTER...": [
            "SIM",
            "amcQw",
            "module",
            4
        ]
    },
    "perf": [
        {
            "stat": [
                "main",
                "entry",
                0.01977992057800293,
                0.018766000000000001,
                0.01248,
                220672,
                220672,
                0.0,
                0.0,
                1726241257.990855,
                4812918737721443
            ],
            "sub": [
                {
                    "stat": [
                        "doParsingAndDesignResolution",
                        "entry",
                        0.076630830764770508,
                        0.044167999999999999,
                        0.014080000000000001,
                        314168,
                        314836,
                        0.0,
                        0.0,
                        1726241258.0477059,
                        4812918851224563
                    ],
                    "sub": []
                },
                {
                    "stat": [
                        "doParsingAndDesignResolution",
                        "exit",
                        0.088250875473022461,
                        0.046322000000000002,
                        0.016285999999999998,
                        314512,
                        315160,
                        0.0,
                        0.0,
                        1726241258.0593259,
                        4812918874473003
                    ],
                    "sub": []
                },
                {
                    "stat": [
                        "doPostDesignResolutionToVir2Vcs",
                        "entry",
                        0.098152875900268555,
                        0.046322000000000002,
                        0.017387,
                        314656,
                        315160,
                        0.0,
                        0.0,
                        1726241258.0692279,
                        4812918894286963
                    ],
                    "sub": [
                        {
                            "stat": [
                                "doUptoVir2VcsNoSepCleanup",
                                "entry",
                                0.1173248291015625,
                                0.049596000000000001,
                                0.019871,
                                315652,
                                315652,
                                0.0,
                                0.0,
                                1726241258.0883999,
                                4812918932535601
                            ],
                            "sub": []
                        },
                        {
                            "stat": [
                                "doUptoVir2VcsNoSepCleanup",
                                "exit",
                                0.20339083671569824,
                                0.067548999999999998,
                                0.022831000000000001,
                                317504,
                                329840,
                                0.0,
                                0.0,
                                1726241258.1744659,
                                4812919104395877
                            ],
                            "sub": []
                        },
                        {
                            "stat": [
                                "doRadify_vir2vcsAll",
                                "entry",
                                0.20345592498779297,
                                0.067597000000000004,
                                0.022848,
                                317504,
                                329840,
                                0.0,
                                0.0,
                                1726241258.174531,
                                4812919104465933
                            ],
                            "sub": []
                        },
                        {
                            "stat": [
                                "doRadify_vir2vcsAll",
                                "exit",
                                0.21887993812561035,
                                0.071909000000000001,
                                0.025610000000000001,
                                318648,
                                329840,
                                0.0,
                                0.0,
                                1726241258.189955,
                                4812919135358019
                            ],
                            "sub": []
                        }
                    ]
                },
                {
                    "stat": [
                        "doPostDesignResolutionToVir2Vcs",
                        "exit",
                        0.21895289421081543,
                        0.071964,
                        0.02563,
                        318648,
                        329840,
                        0.0,
                        0.0,
                        1726241258.190028,
                        4812919135419253
                    ],
                    "sub": []
                },
                {
                    "stat": [
                        "doGAToPass2",
                        "entry",
                        0.21897983551025391,
                        0.071984999999999993,
                        0.025637,
                        318648,
                        329840,
                        0.0,
                        0.0,
                        1726241258.1900549,
                        4812919135465489
                    ],
                    "sub": [
                        {
                            "stat": [
                                "DoPass2",
                                "entry",
                                0.27231693267822266,
                                0.072869000000000003,
                                0.026946999999999999,
                                317092,
                                329840,
                                0.013995,
                                0.0086920000000000001,
                                1726241258.243392,
                                4812919242019283
                            ],
                            "sub": []
                        },
                        {
                            "stat": [
                                "DoPass2",
                                "exit",
                                0.39014101028442383,
                                0.11275300000000001,
                                0.034534000000000002,
                                328652,
                                329840,
                                0.015847,
                                0.011473000000000001,
                                1726241258.3612161,
                                4812919477297725
                            ],