{
    "CompUnits": {
        "zyzfg_d": {
            "checksum": 0,
            "mod": "d_flip_flop",
            "out": "zyzfg_d.o",
            "bytes": 9536,
            "text": 1836,
            "archive": "archive.5/_1938983_archive_1.a",
            "mode": 4
        },
        "reYIK_d": {
            "checksum": 0,
            "cls": 7025,
            "mod": "std",
            "out": "reYIK_d.o",
            "bytes": 38824,
            "text": 7345,
            "archive": "archive.5/_1938983_archive_1.a",
            "mode": 4
        },
        "amcQw_d": {
            "checksum": 0,
            "mod": "...MASTER...",
            "out": "objs/amcQw_d.o",
            "bytes": 8078,
            "text": 474,
            "mode": 4
        },
        "svIny_d": {
            "checksum": 0,
            "mod": "shift_register_behavioral_tb",
            "out": "svIny_d.o",
            "bytes": 25568,
            "text": 6809,
            "archive": "archive.5/_1938983_archive_1.a",
            "mode": 4
        }
    },
    "Modules": {
        "...MASTER...": {
            "start_perf": [
                0.27244186401367188,
                0.072960999999999998,
                0.026981000000000002,
                317092,
                329840,
                1726241258.2435169,
                4812919242215097
            ],
            "child_modules": {
                "d_flip_flop": 1,
                "shift_register_behavioral_tb": 1,
                "std": 1
            },
            "nRouts": 5,
            "nMops": 0,
            "end_perf": [
                0.30037689208984375,
                0.074678999999999995,
                0.029264999999999999,
                319476,
                329840,
                4812919298038481,
                0,
                0
            ],
            "nQuads": 0
        },
        "std": {
            "start_perf": [
                0.30048799514770508,
                0.074758000000000005,
                0.029295999999999999,
                319476,
                329840,
                1726241258.2715631,
                4812919298218733
            ],
            "child_modules": {},
            "Compiled Times": 6,
            "Compiled": "Yes",
            "nRouts": 33,
            "nMops": 746,
            "significant_routs": [
                [
                    1,
                    "T_VCSgd_reYIK_1_0",
                    4491224,
                    138,
                    12
                ],
                [
                    2,
                    "T_VCSgd_reYIK_2_0",
                    4367808,
                    138,
                    12
                ],
                [
                    24,
                    "F_VCSgd_reYIK_24_0",
                    3077188,
                    992,
                    90
                ]
            ],
            "end_perf": [
                0.33572793006896973,
                0.085819999999999994,
                0.031019999999999999,
                323836,
                329840,
                4812919368633377,
                0,
                0
            ],
            "svclass": [
                "$vcs_nba_dyn_obj",
                576,
                35,
                2,
                2,
                0,
                0,
                "sigprop$$",
                576,
                35,
                2,
                2,
                0,
                0,
                "process",
                2388,
                200,
                8,
                8,
                0,
                0,
                "event",
                597,
                34,
                2,
                2,
                0,
                0,
                "mailbox",
                1769,
                140,
                9,
                9,
                0,
                0,
                "semaphore",
                1119,
                83,
                5,
                5,
                0,
                0
            ],
            "num_classes": 6,
            "nQuads": 315
        },
        "shift_register_behavioral_tb": {
            "start_perf": [
                0.33580589294433594,
                0.085877999999999996,
                0.031040999999999999,
                323836,
                329840,
                1726241258.306881,
                4812919368742639
            ],
            "child_modules": {},
            "Compiled Times": 1,
            "Compiled": "Yes",
            "nRouts": 46,
            "nMops": 759,
            "end_perf": [
                0.36867785453796387,
                0.10966099999999999,
                0.033501999999999997,
                326988,
                329840,
                4812919434393089,
                2755158213469191331,
                0
            ],
            "nQuads": 365
        },
        "d_flip_flop": {
            "start_perf": [
                0.36871504783630371,
                0.10968899999999999,
                0.033510999999999999,
                326988,
                329840,
                1726241258.3397901,
                4812919434437571
            ],
            "child_modules": {},
            "Compiled Times": 6,
            "Compiled": "Yes",
            "nRouts": 14,
            "nMops": 196,
            "end_perf": [
                0.37134385108947754,
                0.112301,
                0.033510999999999999,
                326988,
                329840,
                4812919439701175,
                -6321869908459553523,
                0
            ],
            "nQuads": 81
        }
    },
    "ObjArchives": [
        {
            "archive": "archive.5/_1938983_archive_1.a",
            "objects": [
                [
                    "reYIK_d.o",
                    38824
                ],
                [
                    "svIny_d.o",
                    25568
                ],
                [
                    "zyzfg_d.o",
                    9536
                ],
                [
                    "amcQwB.o",
                    102930
                ]
            ],
            "size": 176858
        }
    ],
    "reusePaths": {},
    "stat": {
        "ru_self_end": {
            "ru_nivcsw": 9,
            "ru_nvcsw": 381,
            "ru_utime_sec": 0.116748,
            "ru_stime_sec": 0.034534000000000002,
            "ru_maxrss_kb": 129328,
            "ru_minflt": 9507,
            "ru_majflt": 3
        },
        "ru_childs_end": {
            "ru_nivcsw": 3,
            "ru_nvcsw": 25,
            "ru_utime_sec": 0.015847,
            "ru_stime_sec": 0.011473000000000001,
            "ru_maxrss_kb": 117708,
            "ru_minflt": 3961,
            "ru_majflt": 0
        },
        "cpu_cycles_end": 4812919517626155,
        "peak_mem_kb": 329840
    }
}