{
    "stat": {
        "ru_self_end": {
            "ru_stime_sec": 0.050528000000000003,
            "ru_utime_sec": 0.13586100000000001,
            "ru_maxrss_kb": 131460,
            "ru_minflt": 9940,
            "ru_majflt": 12,
            "ru_nivcsw": 22,
            "ru_nvcsw": 398
        },
        "ru_childs_end": {
            "ru_stime_sec": 0.02368,
            "ru_utime_sec": 0.013187000000000001,
            "ru_maxrss_kb": 119584,
            "ru_minflt": 4169,
            "ru_majflt": 0,
            "ru_nivcsw": 2,
            "ru_nvcsw": 29
        },
        "cpu_cycles_end": 4814680642924193,
        "peak_mem_kb": 330336
    },
    "CompUnits": {
        "amcQw_d": {
            "mode": 4,
            "out": "objs/amcQw_d.o",
            "mod": "...MASTER...",
            "bytes": 8054,
            "checksum": 0,
            "text": 474
        },
        "zyzfg_d": {
            "mode": 4,
            "out": "zyzfg_d.o",
            "mod": "d_flip_flop",
            "bytes": 9520,
            "checksum": 0,
            "text": 1836,
            "archive": "archive.7/_1945208_archive_1.a"
        },
        "reYIK_d": {
            "mode": 4,
            "out": "reYIK_d.o",
            "mod": "std",
            "bytes": 38808,
            "checksum": 0,
            "text": 7345,
            "cls": 7025,
            "archive": "archive.7/_1945208_archive_1.a"
        },
        "x97AA_d": {
            "mode": 4,
            "out": "x97AA_d.o",
            "mod": "decoder_4_to_16_tb",
            "bytes": 42380,
            "checksum": 0,
            "text": 18025,
            "archive": "archive.7/_1945208_archive_1.a"
        }
    },
    "Modules": {
        "...MASTER...": {
            "nQuads": 0,
            "start_perf": [
                0.35472512245178223,
                0.102322,
                0.039821000000000002,
                328392,
                329948,
                1726242140.224174,
                4814680356644073
            ],
            "end_perf": [
                0.38222408294677734,
                0.103309,
                0.043737999999999999,
                329368,
                329948,
                4814680411600073,
                0,
                0
            ],
            "child_modules": {
                "d_flip_flop": 1,
                "std": 1,
                "decoder_4_to_16_tb": 1
            },
            "nMops": 0,
            "nRouts": 5
        },
        "std": {
            "svclass": [
                "$vcs_nba_dyn_obj",
                576,
                35,
                2,
                2,
                0,
                0,
                "sigprop$$",
                576,
                35,
                2,
                2,
                0,
                0,
                "process",
                2388,
                200,
                8,
                8,
                0,
                0,
                "event",
                597,
                34,
                2,
                2,
                0,
                0,
                "mailbox",
                1769,
                140,
                9,
                9,
                0,
                0,
                "semaphore",
                1119,
                83,
                5,
                5,
                0,
                0
            ],
            "nQuads": 315,
            "start_perf": [
                0.38235902786254883,
                0.103404,
                0.043778999999999998,
                329368,
                329948,
                1726242140.2518079,
                4814680411823569
            ],
            "end_perf": [
                0.43282103538513184,
                0.11723699999999999,
                0.044982000000000001,
                330336,
                330336,
                4814680512642897,
                0,
                0
            ],
            "child_modules": {},
            "Compiled": "Yes",
            "Compiled Times": 8,
            "significant_routs": [
                [
                    1,
                    "T_VCSgd_reYIK_1_0",
                    4905224,
                    138,
                    12
                ],
                [
                    2,
                    "T_VCSgd_reYIK_2_0",
                    4203646,
                    138,
                    12
                ],
                [
                    12,
                    "F_VCSgd_reYIK_12_0",
                    24687156,
                    181,
                    16
                ],
                [
                    24,
                    "F_VCSgd_reYIK_24_0",
                    3908422,
                    992,
                    90
                ]
            ],
            "nMops": 746,
            "num_classes": 6,
            "nRouts": 33
        },
        "decoder_4_to_16_tb": {
            "nQuads": 758,
            "start_perf": [
                0.43291306495666504,
                0.11730500000000001,
                0.045007999999999999,
                330336,
                330336,
                1726242140.302362,
                4814680512759705
            ],
            "end_perf": [
                0.45069599151611328,
                0.13053200000000001,
                0.048507000000000002,
                330336,
                330336,
                4814680548275391,
                2388961399721074,
                0
            ],
            "child_modules": {},
            "Compiled": "Yes",
            "Compiled Times": 1,
            "nMops": 2371,
            "nRouts": 60
        },
        "d_flip_flop": {
            "nQuads": 111,
            "start_perf": [
                0.4507291316986084,
                0.13053200000000001,
                0.048536999999999997,
                330336,
                330336,
                1726242140.320178,
                4814680548309729
            ],
            "end_perf": [
                0.46038007736206055,
                0.13117599999999999,
                0.050361999999999997,
                330336,
                330336,
                4814680567601631,
                -6321869908459553523,
                0
            ],
            "child_modules": {},
            "Compiled": "Yes",
            "Compiled Times": 8,
            "nMops": 260,
            "nRouts": 14
        }
    },
    "reusePaths": {},
    "ObjArchives": [
        {
            "archive": "archive.7/_1945208_archive_1.a",
            "objects": [
                [
                    "reYIK_d.o",
                    38808
                ],
                [
                    "x97AA_d.o",
                    42380
                ],
                [
                    "zyzfg_d.o",
                    9520
                ],
                [
                    "amcQwB.o",
                    102882
                ]
            ],
            "size": 193590
        }
    ]
}