{
    "stat": {
        "ru_childs_end": {
            "ru_utime_sec": 0.023335000000000002,
            "ru_stime_sec": 0.015647000000000001,
            "ru_maxrss_kb": 115840,
            "ru_minflt": 3961,
            "ru_nivcsw": 3,
            "ru_majflt": 0,
            "ru_nvcsw": 76
        },
        "ru_self_end": {
            "ru_utime_sec": 0.16369500000000001,
            "ru_stime_sec": 0.116096,
            "ru_maxrss_kb": 124184,
            "ru_minflt": 8357,
            "ru_nivcsw": 21,
            "ru_majflt": 1398,
            "ru_nvcsw": 1445
        },
        "cpu_cycles_end": 4778723204245211,
        "peak_mem_kb": 329816
    },
    "Modules": {
        "std": {
            "start_perf": [
                5.8437919616699219,
                0.12729399999999999,
                0.106181,
                319508,
                329816,
                1726224132.2462831,
                4778722522502553
            ],
            "child_modules": {},
            "nQuads": 315,
            "Compiled": "Yes",
            "significant_routs": [
                [
                    7,
                    "F_VCSgd_reYIK_7_0",
                    50529492,
                    462,
                    25
                ],
                [
                    24,
                    "F_VCSgd_reYIK_24_0",
                    93506862,
                    992,
                    90
                ]
            ],
            "end_perf": [
                6.0343189239501953,
                0.138242,
                0.112355,
                323812,
                329816,
                4778722903038453,
                0,
                0
            ],
            "nRouts": 33,
            "nMops": 746,
            "Compiled Times": 2,
            "svclass": [
                "$vcs_nba_dyn_obj",
                576,
                35,
                2,
                2,
                0,
                0,
                "sigprop$$",
                576,
                35,
                2,
                2,
                0,
                0,
                "process",
                2388,
                200,
                8,
                8,
                0,
                0,
                "event",
                597,
                34,
                2,
                2,
                0,
                0,
                "mailbox",
                1769,
                140,
                9,
                9,
                0,
                0,
                "semaphore",
                1119,
                83,
                5,
                5,
                0,
                0
            ],
            "num_classes": 6
        },
        "...MASTER...": {
            "start_perf": [
                5.358119010925293,
                0.125997,
                0.100591,
                317124,
                329816,
                1726224131.7606101,
                4778721552745009
            ],
            "child_modules": {
                "d_flip_flop": 1,
                "one_bit_comparator_behavioral_tb": 1,
                "std": 1
            },
            "nQuads": 0,
            "end_perf": [
                5.8436589241027832,
                0.12729399999999999,
                0.10605199999999999,
                319508,
                329816,
                4778722522303315,
                0,
                0
            ],
            "nRouts": 5,
            "nMops": 0
        },
        "d_flip_flop": {
            "start_perf": [
                6.0832948684692383,
                0.15523000000000001,
                0.11307,
                324224,
                329816,
                1726224132.485786,
                4778723000727697
            ],
            "child_modules": {},
            "nQuads": 111,
            "end_perf": [
                6.1156809329986572,
                0.157892,
                0.116096,
                324224,
                329816,
                4778723065450913,
                -6321869908459553523,
                0
            ],
            "Compiled": "Yes",
            "nRouts": 14,
            "nMops": 260,
            "Compiled Times": 2
        },
        "one_bit_comparator_behavioral_tb": {
            "start_perf": [
                6.0344288349151611,
                0.13830300000000001,
                0.112405,
                323812,
                329816,
                1726224132.4369199,
                4778722903163197
            ],
            "child_modules": {},
            "nQuads": 796,
            "end_perf": [
                6.0832278728485107,
                0.155192,
                0.113042,
                324224,
                329816,
                4778723000657727,
                7879450814679999472,
                0
            ],
            "Compiled": "Yes",
            "nRouts": 34,
            "nMops": 1299,
            "Compiled Times": 1
        }
    },
    "ObjArchives": [
        {
            "archive": "archive.1/_1895289_archive_1.a",
            "objects": [
                [
                    "reYIK_d.o",
                    38824
                ],
                [
                    "Razzt_d.o",
                    47350
                ],
                [
                    "zyzfg_d.o",
                    9536
                ],
                [
                    "amcQwB.o",
                    102986
                ]
            ],
            "size": 198696
        }
    ],
    "CompUnits": {
        "amcQw_d": {
            "mod": "...MASTER...",
            "out": "objs/amcQw_d.o",
            "checksum": 0,
            "text": 474,
            "bytes": 8086,
            "mode": 4
        },
        "reYIK_d": {
            "mod": "std",
            "cls": 7025,
            "out": "reYIK_d.o",
            "archive": "archive.1/_1895289_archive_1.a",
            "checksum": 0,
            "text": 7345,
            "bytes": 38824,
            "mode": 4
        },
        "Razzt_d": {
            "mod": "one_bit_comparator_behavioral_tb",
            "out": "Razzt_d.o",
            "archive": "archive.1/_1895289_archive_1.a",
            "checksum": 0,
            "text": 10211,
            "bytes": 47350,
            "mode": 4
        },
        "zyzfg_d": {
            "mod": "d_flip_flop",
            "out": "zyzfg_d.o",
            "archive": "archive.1/_1895289_archive_1.a",
            "checksum": 0,
            "text": 1836,
            "bytes": 9536,
            "mode": 4
        }
    },
    "reusePaths": {}
}