{
    "cycles_program_begin": 1385316837886237,
    "cpu_cycles_pass2_start": 1385317324856667,
    "perf": [
        {
            "stat": [
                "main",
                "entry",
                0.020532131195068359,
                0.031322000000000003,
                0.015141999999999999,
                220688,
                220688,
                0.0,
                0.0,
                1727459543.1487191,
                1385316837994763
            ],
            "sub": [
                {
                    "stat": [
                        "doParsingAndDesignResolution",
                        "entry",
                        0.085680007934570312,
                        0.059422999999999997,
                        0.018145000000000001,
                        314192,
                        314860,
                        0.0,
                        0.0,
                        1727459543.2138669,
                        1385316968071825
                    ],
                    "sub": []
                },
                {
                    "stat": [
                        "doParsingAndDesignResolution",
                        "exit",
                        0.10040116310119629,
                        0.065458000000000002,
                        0.018291000000000002,
                        315080,
                        315728,
                        0.0,
                        0.0,
                        1727459543.2285881,
                        1385316997503559
                    ],
                    "sub": []
                },
                {
                    "stat": [
                        "doPostDesignResolutionToVir2Vcs",
                        "entry",
                        0.10555911064147949,
                        0.066096000000000002,
                        0.018402999999999999,
                        315244,
                        315728,
                        0.0,
                        0.0,
                        1727459543.2337461,
                        1385317007786887
                    ],
                    "sub": [
                        {
                            "stat": [
                                "doUptoVir2VcsNoSepCleanup",
                                "entry",
                                0.12479496002197266,
                                0.068547999999999998,
                                0.020499,
                                316212,
                                316212,
                                0.0,
                                0.0,
                                1727459543.2529819,
                                1385317046160248
                            ],
                            "sub": []
                        },
                        {
                            "stat": [
                                "doUptoVir2VcsNoSepCleanup",
                                "exit",
                                0.19724702835083008,
                                0.080828999999999998,
                                0.024948000000000001,
                                317620,
                                329956,
                                0.0,
                                0.0,
                                1727459543.325434,
                                1385317190893179
                            ],
                            "sub": []
                        },
                        {
                            "stat": [
                                "doRadify_vir2vcsAll",
                                "entry",
                                0.19731307029724121,
                                0.080879999999999994,
                                0.024964,
                                317620,
                                329956,
                                0.0,
                                0.0,
                                1727459543.3255,
                                1385317190968821
                            ],
                            "sub": []
                        },
                        {
                            "stat": [
                                "doRadify_vir2vcsAll",
                                "exit",
                                0.2107541561126709,
                                0.083927000000000002,
                                0.026941,
                                318468,
                                329956,
                                0.0,
                                0.0,
                                1727459543.3389411,
                                1385317217868299
                            ],
                            "sub": []
                        }
                    ]
                },
                {
                    "stat": [
                        "doPostDesignResolutionToVir2Vcs",
                        "exit",
                        0.21080899238586426,
                        0.083969000000000002,
                        0.026955,
                        318468,
                        329956,
                        0.0,
                        0.0,
                        1727459543.3389959,
                        1385317217918511
                    ],
                    "sub": []
                },
                {
                    "stat": [
                        "doGAToPass2",
                        "entry",
                        0.21083211898803711,
                        0.083987000000000006,
                        0.026960000000000001,
                        318468,
                        329956,
                        0.0,
                        0.0,
                        1727459543.3390191,
                        1385317217955633
                    ],
                    "sub": [
                        {
                            "stat": [
                                "DoPass2",
                                "entry",
                                0.26433897018432617,
                                0.084229999999999999,
                                0.028642999999999998,
                                316912,
                                329956,
                                0.019819,
                                0.012839,
                                1727459543.3925259,
                                1385317324848365
                            ],
                            "sub": []
                        },
                        {
                            "stat": [
                                "DoPass2",
                                "exit",
                                0.34176301956176758,
                                0.103088,
                                0.035214000000000002,
                                322076,
                                329956,
                                0.021082,
                                0.015374000000000001,
                                1727459543.46995,
                                1385317479460289
                            ],
                            "sub": []
                        }
                    ]
                },
                {
                    "stat": [
                        "doGAToPass2",
                        "exit",
                        0.35137295722961426,
                        0.106199,
                        0.035321999999999999,
                        322076,
                        329956,
                        0.021082,
                        0.015374000000000001,
                        1727459543.4795599,
                        1385317498626017
                    ],