{
    "cycles_program_begin": 1385842136723145,
    "cpu_cycles_pass2_start": 1385842506633833,
    "LVLData": [
        "SIM"
    ],
    "CompileStatus": "Successful",
    "NameTable": {
        "std": [
            "std",
            "reYIK",
            "module",
            1
        ],
        "counter_tb": [
            "counter_tb",
            "DHWT6",
            "module",
            2
        ],
        "...MASTER...": [
            "SIM",
            "amcQw",
            "module",
            3
        ]
    },
    "perf": [
        {
            "stat": [
                "main",
                "entry",
                0.015000820159912109,
                0.022744,
                0.0072110000000000004,
                220688,
                220688,
                0.0,
                0.0,
                1727459806.2230539,
                1385842136826345
            ],
            "sub": [
                {
                    "stat": [
                        "doParsingAndDesignResolution",
                        "entry",
                        0.071757793426513672,
                        0.042673000000000003,
                        0.0093189999999999992,
                        314192,
                        314860,
                        0.0,
                        0.0,
                        1727459806.2798109,
                        1385842250142535
                    ],
                    "sub": []
                },
                {
                    "stat": [
                        "doParsingAndDesignResolution",
                        "exit",
                        0.083838939666748047,
                        0.045809999999999997,
                        0.0099830000000000006,
                        315080,
                        315728,
                        0.0,
                        0.0,
                        1727459806.2918921,
                        1385842274271995
                    ],
                    "sub": []
                },
                {
                    "stat": [
                        "doPostDesignResolutionToVir2Vcs",
                        "entry",
                        0.088692903518676758,
                        0.045852999999999998,
                        0.010370000000000001,
                        315248,
                        315728,
                        0.0,
                        0.0,
                        1727459806.296746,
                        1385842283971551
                    ],
                    "sub": [
                        {
                            "stat": [
                                "doUptoVir2VcsNoSepCleanup",
                                "entry",
                                0.10394287109375,
                                0.047655000000000003,
                                0.010538,
                                316216,
                                316216,
                                0.0,
                                0.0,
                                1727459806.311996,
                                1385842314393777
                            ],
                            "sub": []
                        },
                        {
                            "stat": [
                                "doUptoVir2VcsNoSepCleanup",
                                "exit",
                                0.16062188148498535,
                                0.049105000000000003,
                                0.015661000000000001,
                                317620,
                                329956,
                                0.0,
                                0.0,
                                1727459806.368675,
                                1385842427585549
                            ],
                            "sub": []
                        },
                        {
                            "stat": [
                                "doRadify_vir2vcsAll",
                                "entry",
                                0.16065096855163574,
                                0.049126999999999997,
                                0.015668000000000001,
                                317620,
                                329956,
                                0.0,
                                0.0,
                                1727459806.3687041,
                                1385842427614883
                            ],
                            "sub": []
                        },
                        {
                            "stat": [
                                "doRadify_vir2vcsAll",
                                "exit",
                                0.17026686668395996,
                                0.050914000000000001,
                                0.015918000000000002,
                                318468,
                                329956,
                                0.0,
                                0.0,
                                1727459806.37832,
                                1385842446876175
                            ],
                            "sub": []
                        }
                    ]
                },
                {
                    "stat": [
                        "doPostDesignResolutionToVir2Vcs",
                        "exit",
                        0.17030692100524902,
                        0.050914000000000001,
                        0.015948,
                        318468,
                        329956,
                        0.0,
                        0.0,
                        1727459806.37836,
                        1385842446895227
                    ],
                    "sub": []
                },
                {
                    "stat": [
                        "doGAToPass2",
                        "entry",
                        0.17031598091125488,
                        0.050914000000000001,
                        0.015956999999999999,
                        318468,
                        329956,
                        0.0,
                        0.0,
                        1727459806.3783691,
                        1385842446908475
                    ],
                    "sub": [
                        {
                            "stat": [
                                "DoPass2",
                                "entry",
                                0.20020794868469238,
                                0.050914000000000001,
                                0.016833000000000001,
                                316912,
                                329956,
                                0.0063400000000000001,
                                0.0064980000000000003,
                                1727459806.4082611,
                                1385842506629055
                            ],
                            "sub": []
                        },
                        {
                            "stat": [
                                "DoPass2",
                                "exit",
                                0.25698184967041016,
                                0.058555999999999997,
                                0.019786000000000002,
                                322092,
                                329956,
                                0.0079439999999999997,
                                0.0064980000000000003,
                                1727459806.465035,
                                1385842620001873
                            ],