{
    "Modules": {
        "...MASTER...": {
            "start_perf": [
                0.20026493072509766,
                0.050914000000000001,
                0.016891,
                316912,
                329956,
                1727459806.408318,
                1385842506714225
            ],
            "child_modules": {
                "counter_tb": 1,
                "std": 1
            },
            "end_perf": [
                0.21366095542907715,
                0.052010000000000001,
                0.016951000000000001,
                318444,
                329956,
                1385842533481435,
                0,
                0
            ],
            "nQuads": 0,
            "nMops": 0,
            "nRouts": 5
        },
        "std": {
            "start_perf": [
                0.21371078491210938,
                0.052047999999999997,
                0.016962999999999999,
                318444,
                329956,
                1727459806.4217639,
                1385842533562107
            ],
            "child_modules": {},
            "Compiled": "Yes",
            "Compiled Times": 29,
            "end_perf": [
                0.22696399688720703,
                0.053504000000000003,
                0.01746,
                318444,
                329956,
                1385842560059855,
                0,
                0
            ],
            "num_classes": 6,
            "nRouts": 33,
            "svclass": [
                "$vcs_nba_dyn_obj",
                0,
                35,
                2,
                2,
                0,
                0,
                "sigprop$$",
                0,
                35,
                2,
                2,
                0,
                0,
                "process",
                0,
                200,
                8,
                8,
                0,
                0,
                "event",
                0,
                34,
                2,
                2,
                0,
                0,
                "mailbox",
                0,
                140,
                9,
                9,
                0,
                0,
                "semaphore",
                0,
                84,
                5,
                5,
                0,
                0
            ],
            "nQuads": 218,
            "nMops": 528
        },
        "counter_tb": {
            "start_perf": [
                0.22699999809265137,
                0.053531000000000002,
                0.017468000000000001,
                318444,
                329956,
                1727459806.4350531,
                1385842560096425
            ],
            "child_modules": {},
            "Compiled": "Yes",
            "Compiled Times": 7,
            "end_perf": [
                0.24606180191040039,
                0.058500000000000003,
                0.019130999999999999,
                322476,
                329956,
                1385842598190395,
                10495493969,
                0
            ],
            "nQuads": 377,
            "nMops": 885,
            "nRouts": 50
        }
    },
    "CompUnits": {
        "DHWT6_d": {
            "archive": "archive.28/_2298563_archive_1.a",
            "mod": "counter_tb",
            "out": "DHWT6_d.o",
            "mode": 4,
            "bytes": 23612,
            "checksum": 0,
            "text": 8579
        }
    },
    "ObjArchives": [
        {
            "archive": "archive.28/_2298563_archive_1.a",
            "objects": [
                [
                    "DHWT6_d.o",
                    23612
                ],
                [
                    "amcQwB.o",
                    101618
                ]
            ],
            "size": 125230
        }
    ],
    "reusePaths": {
        "amcQw_d": {
            "icPath": "csrc"
        },
        "reYIK_d": {
            "icPath": "csrc"
        }
    },
    "stat": {
        "cpu_cycles_end": 1385842637670585,
        "ru_self_end": {
            "ru_maxrss_kb": 122748,
            "ru_utime_sec": 0.059087000000000001,
            "ru_stime_sec": 0.020593,
            "ru_minflt": 8481,
            "ru_nivcsw": 13,
            "ru_nvcsw": 404,
            "ru_majflt": 0
        },
        "ru_childs_end": {
            "ru_maxrss_kb": 115664,
            "ru_utime_sec": 0.0079439999999999997,
            "ru_stime_sec": 0.0064980000000000003,
            "ru_minflt": 3958,
            "ru_nivcsw": 0,
            "ru_nvcsw": 19,
            "ru_majflt": 0
        },
        "peak_mem_kb": 329956
    }
}