{
    "stat": {
        "ru_self_end": {
            "ru_utime_sec": 0.079173999999999994,
            "ru_stime_sec": 0.032301999999999997,
            "ru_majflt": 3,
            "ru_maxrss_kb": 124204,
            "ru_minflt": 9122,
            "ru_nvcsw": 408,
            "ru_nivcsw": 9
        },
        "ru_childs_end": {
            "ru_utime_sec": 0.022166000000000002,
            "ru_stime_sec": 0.01324,
            "ru_majflt": 0,
            "ru_maxrss_kb": 115280,
            "ru_minflt": 3961,
            "ru_nvcsw": 20,
            "ru_nivcsw": 1
        },
        "cpu_cycles_end": 1239246146951475,
        "peak_mem_kb": 329936
    },
    "Modules": {
        "std": {
            "start_perf": [
                0.23593711853027344,
                0.060865000000000002,
                0.024392,
                318412,
                329936,
                1727386389.5772171,
                1239246008480643
            ],
            "Compiled Times": 9,
            "child_modules": {},
            "svclass": [
                "$vcs_nba_dyn_obj",
                0,
                35,
                2,
                2,
                0,
                0,
                "sigprop$$",
                0,
                35,
                2,
                2,
                0,
                0,
                "process",
                0,
                200,
                8,
                8,
                0,
                0,
                "event",
                0,
                34,
                2,
                2,
                0,
                0,
                "mailbox",
                0,
                140,
                9,
                9,
                0,
                0,
                "semaphore",
                0,
                84,
                5,
                5,
                0,
                0
            ],
            "Compiled": "Yes",
            "end_perf": [
                0.25371408462524414,
                0.064684000000000005,
                0.025926000000000001,
                318412,
                329936,
                1239246044046414,
                0,
                0
            ],
            "nQuads": 218,
            "num_classes": 6,
            "nMops": 528,
            "nRouts": 33
        },
        "...MASTER...": {
            "nRouts": 5,
            "start_perf": [
                0.21881604194641113,
                0.060033000000000003,
                0.022273000000000001,
                316940,
                329936,
                1727386389.560096,
                1239245974306137
            ],
            "child_modules": {
                "std": 1,
                "sync_tb": 1
            },
            "end_perf": [
                0.23582100868225098,
                0.060781000000000002,
                0.024358999999999999,
                318412,
                329936,
                1239246008298781,
                0,
                0
            ],
            "nQuads": 0,
            "nMops": 0
        },
        "sync_tb": {
            "start_perf": [
                0.25379800796508789,
                0.064745999999999998,
                0.025950999999999998,
                318412,
                329936,
                1727386389.595078,
                1239246044164184
            ],
            "Compiled Times": 2,
            "child_modules": {},
            "Compiled": "Yes",
            "nMops": 792,
            "significant_routs": [
                [
                    45,
                    "R_VCSgd_ssdAB_2d",
                    3022460,
                    343,
                    20
                ]
            ],
            "end_perf": [
                0.28238296508789062,
                0.076790999999999998,
                0.029898000000000001,
                324820,
                329936,
                1239246101254027,
                30121250870,
                0
            ],
            "nQuads": 377,
            "nRouts": 59
        }
    },
    "reusePaths": {
        "amcQw_d": {
            "icPath": "csrc"
        },
        "reYIK_d": {
            "icPath": "csrc"
        }
    },
    "CompUnits": {
        "ssdAB_d": {
            "out": "ssdAB_d.o",
            "mod": "sync_tb",
            "archive": "archive.8/_1977601_archive_1.a",
            "bytes": 28430,
            "checksum": 0,
            "text": 9528,
            "mode": 4
        }
    },
    "ObjArchives": [
        {
            "archive": "archive.8/_1977601_archive_1.a",
            "objects": [
                [
                    "ssdAB_d.o",
                    28430
                ],
                [
                    "amcQwB.o",
                    101594
                ]
            ],
            "size": 130024
        }
    ]
}