{
    "stat": {
        "quadSpeed": 31321.289845243213,
        "ru_self_cgstart": {
            "ru_maxrss_kb": 115684,
            "ru_utime_sec": 0.090511999999999995,
            "ru_nvcsw": 292,
            "ru_majflt": 0,
            "ru_stime_sec": 0.021455999999999999,
            "ru_minflt": 7579,
            "ru_nivcsw": 8
        },
        "cpu_cycles_total": 689070662,
        "ru_childs_cgstart": {
            "ru_maxrss_kb": 115684,
            "ru_utime_sec": 0.017409999999999998,
            "ru_nvcsw": 15,
            "ru_majflt": 0,
            "ru_stime_sec": 0.012062,
            "ru_minflt": 3745,
            "ru_nivcsw": 2
        },
        "realTime": 0.36222600936889648,
        "Frontend(%)": 76.889427187232812,
        "cpu_cycles_cgstart": 3500130956441473,
        "nQuads": 1016,
        "CodeGen(%)": 23.110572812767181,
        "nMops": 2379,
        "peak_mem_kb": 329984,
        "ru_self_end": {
            "ru_maxrss_kb": 125360,
            "ru_utime_sec": 0.12106500000000001,
            "ru_nvcsw": 405,
            "ru_majflt": 0,
            "ru_stime_sec": 0.028601000000000001,
            "ru_minflt": 9251,
            "ru_nivcsw": 11
        },
        "totalObjSize": 145160,
        "ru_childs_end": {
            "ru_maxrss_kb": 115684,
            "ru_utime_sec": 0.019295,
            "ru_nvcsw": 18,
            "ru_majflt": 0,
            "ru_stime_sec": 0.014904000000000001,
            "ru_minflt": 3967,
            "ru_nivcsw": 2
        },
        "cpu_cycles_end": 3500131151163991,
        "mop/quad": 2.3415354330708662,
        "mopSpeed": 73339.909982119687,
        "outputSizePerQuad": 142.8740157480315
    },
    "cycles_program_begin": 3500130462093329,
    "perf": [
        {
            "stat": [
                "main",
                "entry",
                0.01712799072265625,
                0.029388999999999998,
                0.011390000000000001,
                220688,
                220688,
                0.0,
                0.0,
                1728518660.3870211,
                3500130462194177
            ],
            "sub": [
                {
                    "stat": [
                        "doParsingAndDesignResolution",
                        "entry",
                        0.085497856140136719,
                        0.058187000000000003,
                        0.014555999999999999,
                        314192,
                        314860,
                        0.0,
                        0.0,
                        1728518660.4553909,
                        3500130598703144
                    ],
                    "sub": []
                },
                {
                    "stat": [
                        "doParsingAndDesignResolution",
                        "exit",
                        0.10033583641052246,
                        0.063325999999999993,
                        0.014555999999999999,
                        315136,
                        315784,
                        0.0,
                        0.0,
                        1728518660.4702289,
                        3500130628324387
                    ],
                    "sub": []
                },
                {
                    "stat": [
                        "doPostDesignResolutionToVir2Vcs",
                        "entry",
                        0.1051328182220459,
                        0.063833000000000001,
                        0.014555999999999999,
                        315272,
                        315784,
                        0.0,
                        0.0,
                        1728518660.4750259,
                        3500130637913087
                    ],
                    "sub": [
                        {
                            "stat": [
                                "doUptoVir2VcsNoSepCleanup",
                                "entry",
                                0.12359285354614258,
                                0.067073999999999995,
                                0.016071999999999999,
                                316240,
                                316240,
                                0.0,
                                0.0,
                                1728518660.4934859,
                                3500130674820299
                            ],
                            "sub": []
                        },
                        {
                            "stat": [
                                "doUptoVir2VcsNoSepCleanup",
                                "exit",
                                0.19954490661621094,
                                0.083697999999999995,
                                0.019525000000000001,
                                317648,
                                329984,
                                0.0,
                                0.0,
                                1728518660.569438,
                                3500130826507309
                            ],
                            "sub": []
                        },
                        {
                            "stat": [
                                "doRadify_vir2vcsAll",
                                "entry",
                                0.19962596893310547,
                                0.083765000000000006,
                                0.019540999999999999,
                                317648,
                                329984,
                                0.0,
                                0.0,
                                1728518660.569519,
                                3500130826609059
                            ],
                            "sub": []
                        },
                        {
                            "stat": [
                                "doRadify_vir2vcsAll",
                                "exit",
                                0.21383380889892578,
                                0.088938000000000003,
                                0.020594999999999999,
                                318492,
                                329984,
                                0.0,
                                0.0,
                                1728518660.5837269,
                                3500130855051881
                            ],
                            "sub": []
                        }
                    ]
                },
                {
                    "stat": [
                        "doPostDesignResolutionToVir2Vcs",
                        "exit",
                        0.21390795707702637,
                        0.088999999999999996,
                        0.020608999999999999,
                        318492,
                        329984,
                        0.0,
                        0.0,
                        1728518660.583801,
                        3500130855113197
                    ],
                    "sub": []
                },
                {
                    "stat": [
                        "doGAToPass2",
                        "entry",
                        0.21393585205078125,
                        0.089022000000000004,
                        0.020614,
                        318492,
                        329984,
                        0.0,
                        0.0,
                        1728518660.5838289,
                        3500130855160065
                    ],