{
    "stat": {
        "ru_self_cgstart": {
            "ru_nivcsw": 14,
            "ru_utime_sec": 0.123595,
            "ru_stime_sec": 0.090556999999999999,
            "ru_nvcsw": 1317,
            "ru_minflt": 7068,
            "ru_maxrss_kb": 116328,
            "ru_majflt": 1339
        },
        "peak_mem_kb": 330044,
        "cpu_cycles_cgstart": 3520631062132941,
        "ru_childs_cgstart": {
            "ru_nivcsw": 0,
            "ru_utime_sec": 0.014288,
            "ru_stime_sec": 0.017319000000000001,
            "ru_nvcsw": 36,
            "ru_minflt": 3745,
            "ru_maxrss_kb": 116328,
            "ru_majflt": 0
        },
        "nMops": 2082,
        "cpu_cycles_end": 3520631579536039,
        "ru_childs_end": {
            "ru_nivcsw": 1,
            "ru_utime_sec": 0.01677,
            "ru_stime_sec": 0.019817999999999999,
            "ru_nvcsw": 42,
            "ru_minflt": 3967,
            "ru_maxrss_kb": 116540,
            "ru_majflt": 0
        },
        "nQuads": 899,
        "cpu_cycles_total": 2974268234,
        "totalObjSize": 147320,
        "CodeGen(%)": 24.384278326487415,
        "ru_self_end": {
            "ru_nivcsw": 17,
            "ru_utime_sec": 0.165577,
            "ru_stime_sec": 0.099682999999999994,
            "ru_nvcsw": 1485,
            "ru_minflt": 8661,
            "ru_maxrss_kb": 126048,
            "ru_majflt": 1428
        },
        "mopSpeed": 46824.397265203304,
        "quadSpeed": 20218.603814321697,
        "mop/quad": 2.3159065628476085,
        "outputSizePerQuad": 163.87096774193549,
        "Frontend(%)": 75.615721673512596,
        "realTime": 1.7291641235351562
    },
    "SIMBData": {
        "bytes": 102538,
        "out": "amcQwB.o",
        "text": 0,
        "archive": "archive.21/_849096_archive_1.a"
    },
    "cycles_program_begin": 3520628605267805,
    "perf": [
        {
            "stat": [
                "main",
                "entry",
                0.24344897270202637,
                0.034571999999999999,
                0.053675,
                220688,
                220688,
                0.0,
                0.0,
                1728528926.0373809,
                3520628613067047
            ],
            "sub": [
                {
                    "stat": [
                        "doParsingAndDesignResolution",
                        "entry",
                        0.42901110649108887,
                        0.080432000000000003,
                        0.06037,
                        314192,
                        314860,
                        0.0,
                        0.0,
                        1728528926.2229431,
                        3520628983561631
                    ],
                    "sub": []
                },
                {
                    "stat": [
                        "doParsingAndDesignResolution",
                        "exit",
                        0.78334498405456543,
                        0.090556999999999999,
                        0.070920999999999998,
                        315128,
                        315776,
                        0.0,
                        0.0,
                        1728528926.5772769,
                        3520629691141173
                    ],
                    "sub": []
                },
                {
                    "stat": [
                        "doPostDesignResolutionToVir2Vcs",
                        "entry",
                        0.79276514053344727,
                        0.091673000000000004,
                        0.070979,
                        315264,
                        315776,
                        0.0,
                        0.0,
                        1728528926.5866971,
                        3520629709976405
                    ],
                    "sub": [
                        {
                            "stat": [
                                "doUptoVir2VcsNoSepCleanup",
                                "entry",
                                0.89850115776062012,
                                0.096037999999999998,
                                0.075629000000000002,
                                316232,
                                316232,
                                0.0,
                                0.0,
                                1728528926.6924331,
                                3520629921035015
                            ],
                            "sub": []
                        },
                        {
                            "stat": [
                                "doUptoVir2VcsNoSepCleanup",
                                "exit",
                                1.3385550975799561,
                                0.11622300000000001,
                                0.089065000000000005,
                                317708,
                                330044,
                                0.0,
                                0.0,
                                1728528927.1324871,
                                3520630799748835
                            ],
                            "sub": []
                        },
                        {
                            "stat": [
                                "doRadify_vir2vcsAll",
                                "entry",
                                1.3402099609375,
                                0.11629399999999999,
                                0.089119000000000004,
                                317708,
                                330044,
                                0.0,
                                0.0,
                                1728528927.1341419,
                                3520630802982219
                            ],
                            "sub": []
                        },
                        {
                            "stat": [
                                "doRadify_vir2vcsAll",
                                "exit",
                                1.3847510814666748,
                                0.121195,
                                0.090269000000000002,
                                318604,
                                330044,
                                0.0,
                                0.0,
                                1728528927.178683,
                                3520630891984113
                            ],
                            "sub": []
                        }
                    ]
                },
                {
                    "stat": [
                        "doPostDesignResolutionToVir2Vcs",
                        "exit",
                        1.3848140239715576,
                        0.12123100000000001,
                        0.090296000000000001,
                        318604,
                        330044,
                        0.0,
                        0.0,
                        1728528927.178746,
                        3520630892032347
                    ],
                    "sub": []
                },
                {
                    "stat": [
                        "doGAToPass2",
                        "entry",
                        1.3848350048065186,
                        0.121244,
                        0.090305999999999997,
                        318604,
                        330044,
                        0.0,
                        0.0,
                        1728528927.178767,
                        3520630892067049
                    ],