{
    "cycles_program_begin": 3504275643421233,
    "MlibObjs": {},
    "stat": {
        "ru_self_cgstart": {
            "ru_utime_sec": 0.074844999999999995,
            "ru_stime_sec": 0.024943,
            "ru_maxrss_kb": 115692,
            "ru_minflt": 7567,
            "ru_majflt": 7,
            "ru_nivcsw": 12,
            "ru_nvcsw": 295
        },
        "ru_childs_cgstart": {
            "ru_utime_sec": 0.012097,
            "ru_stime_sec": 0.015796999999999999,
            "ru_maxrss_kb": 115692,
            "ru_minflt": 3745,
            "ru_majflt": 0,
            "ru_nivcsw": 3,
            "ru_nvcsw": 14
        },
        "realTime": 0.37029910087585449,
        "cpu_cycles_cgstart": 3504276109119427,
        "cpu_cycles_end": 3504276352378767,
        "nMops": 2406,
        "nQuads": 1003,
        "CodeGen(%)": 34.764959669855571,
        "totalObjSize": 144768,
        "ru_childs_end": {
            "ru_utime_sec": 0.014008,
            "ru_stime_sec": 0.017711000000000001,
            "ru_maxrss_kb": 115692,
            "ru_minflt": 3967,
            "ru_majflt": 0,
            "ru_nivcsw": 3,
            "ru_nvcsw": 17
        },
        "ru_self_end": {
            "ru_utime_sec": 0.119267,
            "ru_stime_sec": 0.033449,
            "ru_maxrss_kb": 125464,
            "ru_minflt": 9262,
            "ru_majflt": 16,
            "ru_nivcsw": 17,
            "ru_nvcsw": 416
        },
        "mop/quad": 2.398803589232303,
        "cpu_cycles_total": 708957534,
        "mopSpeed": 51928.431139792359,
        "Frontend(%)": 65.235040330144429,
        "quadSpeed": 21647.637752789582,
        "outputSizePerQuad": 144.33499501495513,
        "peak_mem_kb": 329988
    },
    "perf": [
        {
            "stat": [
                "main",
                "entry",
                0.01523900032043457,
                0.028132999999999998,
                0.012057999999999999,
                220688,
                220688,
                0.0,
                0.0,
                1728520736.329407,
                3504275643519725
            ],
            "sub": [
                {
                    "stat": [
                        "doParsingAndDesignResolution",
                        "entry",
                        0.080003976821899414,
                        0.050611000000000003,
                        0.016875999999999999,
                        314192,
                        314860,
                        0.0,
                        0.0,
                        1728520736.394172,
                        3504275772832721
                    ],
                    "sub": []
                },
                {
                    "stat": [
                        "doParsingAndDesignResolution",
                        "exit",
                        0.096750020980834961,
                        0.056346,
                        0.018253999999999999,
                        315136,
                        315784,
                        0.0,
                        0.0,
                        1728520736.410918,
                        3504275806299403
                    ],
                    "sub": []
                },
                {
                    "stat": [
                        "doPostDesignResolutionToVir2Vcs",
                        "entry",
                        0.10222601890563965,
                        0.056966999999999997,
                        0.018317,
                        315272,
                        315784,
                        0.0,
                        0.0,
                        1728520736.416394,
                        3504275817219013
                    ],
                    "sub": [
                        {
                            "stat": [
                                "doUptoVir2VcsNoSepCleanup",
                                "entry",
                                0.1238090991973877,
                                0.060574000000000003,
                                0.020308,
                                316240,
                                316240,
                                0.0,
                                0.0,
                                1728520736.4379771,
                                3504275860328953
                            ],
                            "sub": []
                        },
                        {
                            "stat": [
                                "doUptoVir2VcsNoSepCleanup",
                                "exit",
                                0.18715405464172363,
                                0.068833000000000005,
                                0.023623999999999999,
                                317652,
                                329988,
                                0.0,
                                0.0,
                                1728520736.501322,
                                3504275986859889
                            ],
                            "sub": []
                        },
                        {
                            "stat": [
                                "doRadify_vir2vcsAll",
                                "entry",
                                0.18723106384277344,
                                0.068833000000000005,
                                0.023692999999999999,
                                317652,
                                329988,
                                0.0,
                                0.0,
                                1728520736.501399,
                                3504275986931845
                            ],
                            "sub": []
                        },
                        {
                            "stat": [
                                "doRadify_vir2vcsAll",
                                "exit",
                                0.20054006576538086,
                                0.072953000000000004,
                                0.024655,
                                318492,
                                329988,
                                0.0,
                                0.0,
                                1728520736.514708,
                                3504276013574913
                            ],
                            "sub": []
                        }
                    ]
                },
                {
                    "stat": [
                        "doPostDesignResolutionToVir2Vcs",
                        "exit",
                        0.20059895515441895,
                        0.072997000000000006,
                        0.024670999999999998,
                        318492,
                        329988,
                        0.0,
                        0.0,
                        1728520736.5147669,
                        3504276013628583
                    ],
                    "sub": []
                },
                {
                    "stat": [
                        "doGAToPass2",
                        "entry",
                        0.20062398910522461,
                        0.073015999999999998,
                        0.024677000000000001,
                        318492,
                        329988,
                        0.0,
                        0.0,
                        1728520736.514792,
                        3504276013665063
                    ],