{
    "Modules": {
        "std": {
            "start_perf": [
                0.26538991928100586,
                0.075613,
                0.026928000000000001,
                318472,
                329988,
                1728520736.5795579,
                3504276142992781
            ],
            "svclass": [
                "$vcs_nba_dyn_obj",
                0,
                35,
                2,
                2,
                0,
                0,
                "sigprop$$",
                0,
                35,
                2,
                2,
                0,
                0,
                "process",
                0,
                200,
                8,
                8,
                0,
                0,
                "event",
                0,
                34,
                2,
                2,
                0,
                0,
                "mailbox",
                0,
                140,
                9,
                9,
                0,
                0,
                "semaphore",
                0,
                84,
                5,
                5,
                0,
                0
            ],
            "nMops": 528,
            "child_modules": {},
            "Compiled Times": 19,
            "Compiled": "Yes",
            "end_perf": [
                0.28419709205627441,
                0.080707000000000001,
                0.027251999999999998,
                318472,
                329988,
                3504276180609024,
                0,
                0
            ],
            "num_classes": 6,
            "nQuads": 218,
            "nRouts": 33
        },
        "...MASTER...": {
            "start_perf": [
                0.24848413467407227,
                0.074883000000000005,
                0.024955999999999999,
                316936,
                329988,
                1728520736.5626521,
                3504276109239279
            ],
            "nMops": 0,
            "child_modules": {
                "std": 1,
                "sq_wave_gen_tb": 1
            },
            "end_perf": [
                0.26528096199035645,
                0.075532000000000002,
                0.026898999999999999,
                318472,
                329988,
                3504276142819681,
                0,
                0
            ],
            "nQuads": 0,
            "nRouts": 5
        },
        "sq_wave_gen_tb": {
            "start_perf": [
                0.28427600860595703,
                0.080767000000000005,
                0.027272000000000001,
                318472,
                329988,
                1728520736.598444,
                3504276180717868
            ],
            "child_modules": {},
            "nMops": 1878,
            "Compiled Times": 19,
            "Compiled": "Yes",
            "significant_routs": [
                [
                    73,
                    "R_VCSgd_WfA7Y_49",
                    22887168,
                    4460,
                    471
                ]
            ],
            "end_perf": [
                0.3418889045715332,
                0.115,
                0.031369000000000001,
                325248,
                329988,
                3504276295810653,
                4333191504364,
                0
            ],
            "nQuads": 785,
            "nRouts": 99
        }
    },
    "CompUnits": {
        "WfA7Y_d": {
            "mod": "sq_wave_gen_tb",
            "archive": "archive.18/_811158_archive_1.a",
            "out": "WfA7Y_d.o",
            "bytes": 42918,
            "text": 18714,
            "mode": 4,
            "checksum": 0
        }
    },
    "stat": {
        "ru_childs_end": {
            "ru_utime_sec": 0.014008,
            "ru_stime_sec": 0.017711000000000001,
            "ru_maxrss_kb": 115692,
            "ru_minflt": 3967,
            "ru_majflt": 0,
            "ru_nivcsw": 3,
            "ru_nvcsw": 17
        },
        "ru_self_end": {
            "ru_utime_sec": 0.11901200000000001,
            "ru_stime_sec": 0.033377999999999998,
            "ru_maxrss_kb": 125464,
            "ru_minflt": 9262,
            "ru_majflt": 16,
            "ru_nivcsw": 17,
            "ru_nvcsw": 413
        },
        "cpu_cycles_end": 3504276347203089,
        "peak_mem_kb": 329988
    },
    "reusePaths": {
        "amcQw_d": {
            "icPath": "csrc"
        },
        "reYIK_d": {
            "icPath": "csrc"
        }
    },
    "ObjArchives": [
        {
            "archive": "archive.18/_811158_archive_1.a",
            "objects": [
                [
                    "WfA7Y_d.o",
                    42918
                ],
                [
                    "amcQwB.o",
                    101850
                ]
            ],
            "size": 144768
        }
    ]
}