{
    "Modules": {
        "...MASTER...": {
            "start_perf": [
                0.25293612480163574,
                0.062003000000000003,
                0.019713999999999999,
                317048,
                330044,
                1728529022.097882,
                3520820423981325
            ],
            "child_modules": {
                "nco_tb": 1,
                "std": 1
            },
            "nRouts": 5,
            "nQuads": 0,
            "end_perf": [
                0.26781606674194336,
                0.062420000000000003,
                0.020794,
                318520,
                330044,
                3520820453712183,
                0,
                0
            ],
            "nMops": 0
        },
        "std": {
            "start_perf": [
                0.26787614822387695,
                0.062466000000000001,
                0.020809999999999999,
                318520,
                330044,
                1728529022.1128221,
                3520820453811807
            ],
            "Compiled Times": 23,
            "svclass": [
                "$vcs_nba_dyn_obj",
                0,
                35,
                2,
                2,
                0,
                0,
                "sigprop$$",
                0,
                35,
                2,
                2,
                0,
                0,
                "process",
                0,
                200,
                8,
                8,
                0,
                0,
                "event",
                0,
                34,
                2,
                2,
                0,
                0,
                "mailbox",
                0,
                140,
                9,
                9,
                0,
                0,
                "semaphore",
                0,
                84,
                5,
                5,
                0,
                0
            ],
            "child_modules": {},
            "Compiled": "Yes",
            "nQuads": 218,
            "nRouts": 33,
            "end_perf": [
                0.28510308265686035,
                0.064249000000000001,
                0.021721000000000001,
                318520,
                330044,
                3520820488234557,
                0,
                0
            ],
            "num_classes": 6,
            "nMops": 528
        },
        "nco_tb": {
            "start_perf": [
                0.28514218330383301,
                0.064278000000000002,
                0.021731,
                318520,
                330044,
                1728529022.1300881,
                3520820488289005
            ],
            "Compiled Times": 4,
            "child_modules": {},
            "nMops": 1528,
            "Compiled": "Yes",
            "nRouts": 77,
            "nQuads": 657,
            "end_perf": [
                0.31833505630493164,
                0.082613000000000006,
                0.023049,
                325000,
                330044,
                3520820554588723,
                17190433357,
                0
            ]
        }
    },
    "stat": {
        "peak_mem_kb": 330044,
        "ru_self_end": {
            "ru_utime_sec": 0.084703000000000001,
            "ru_stime_sec": 0.023786000000000002,
            "ru_maxrss_kb": 127040,
            "ru_minflt": 9183,
            "ru_nvcsw": 422,
            "ru_majflt": 1,
            "ru_nivcsw": 11
        },
        "cpu_cycles_end": 3520820599173045,
        "ru_childs_end": {
            "ru_utime_sec": 0.0048659999999999997,
            "ru_stime_sec": 0.015913,
            "ru_maxrss_kb": 117492,
            "ru_minflt": 3967,
            "ru_nvcsw": 13,
            "ru_majflt": 0,
            "ru_nivcsw": 3
        }
    },
    "CompUnits": {
        "ICaDd_d": {
            "mod": "nco_tb",
            "out": "ICaDd_d.o",
            "bytes": 44446,
            "checksum": 0,
            "text": 13946,
            "mode": 4,
            "archive": "archive.22/_850210_archive_1.a"
        }
    },
    "ObjArchives": [
        {
            "archive": "archive.22/_850210_archive_1.a",
            "objects": [
                [
                    "ICaDd_d.o",
                    44446
                ],
                [
                    "amcQwB.o",
                    102538
                ]
            ],
            "size": 146984
        }
    ],
    "reusePaths": {
        "amcQw_d": {
            "icPath": "csrc"
        },
        "reYIK_d": {
            "icPath": "csrc"
        }
    }
}