{
    "CompUnits": {
        "WfA7Y_d": {
            "archive": "archive.9/_267499_archive_1.a",
            "mode": 4,
            "mod": "sq_wave_gen_tb",
            "out": "WfA7Y_d.o",
            "bytes": 61214,
            "text": 30122,
            "checksum": 0
        }
    },
    "Modules": {
        "...MASTER...": {
            "nQuads": 0,
            "start_perf": [
                0.31349778175354004,
                0.098610000000000003,
                0.029864999999999999,
                328496,
                330052,
                1728281140.0684879,
                3025857056266617
            ],
            "child_modules": {
                "std": 1,
                "sq_wave_gen_tb": 1
            },
            "end_perf": [
                0.33069086074829102,
                0.100951,
                0.030268,
                328496,
                330052,
                3025857090633753,
                0,
                0
            ],
            "nMops": 0,
            "nRouts": 5
        },
        "std": {
            "nQuads": 218,
            "start_perf": [
                0.33079886436462402,
                0.101035,
                0.030294000000000001,
                328496,
                330052,
                1728281140.085789,
                3025857090811445
            ],
            "child_modules": {},
            "Compiled Times": 10,
            "Compiled": "Yes",
            "end_perf": [
                0.34984087944030762,
                0.10416599999999999,
                0.031726999999999998,
                328496,
                330052,
                3025857128883953,
                0,
                0
            ],
            "svclass": [
                "$vcs_nba_dyn_obj",
                0,
                35,
                2,
                2,
                0,
                0,
                "sigprop$$",
                0,
                35,
                2,
                2,
                0,
                0,
                "process",
                0,
                200,
                8,
                8,
                0,
                0,
                "event",
                0,
                34,
                2,
                2,
                0,
                0,
                "mailbox",
                0,
                140,
                9,
                9,
                0,
                0,
                "semaphore",
                0,
                84,
                5,
                5,
                0,
                0
            ],
            "num_classes": 6,
            "nMops": 528,
            "nRouts": 33
        },
        "sq_wave_gen_tb": {
            "nQuads": 1373,
            "start_perf": [
                0.3499138355255127,
                0.104223,
                0.031745000000000002,
                328496,
                330052,
                1728281140.1049039,
                3025857128983203
            ],
            "child_modules": {},
            "Compiled Times": 10,
            "Compiled": "Yes",
            "end_perf": [
                0.39308500289916992,
                0.13175100000000001,
                0.034652000000000002,
                330440,
                330440,
                3025857215177659,
                4333191504364,
                0
            ],
            "nMops": 3338,
            "nRouts": 157
        }
    },
    "stat": {
        "peak_mem_kb": 330440,
        "ru_self_end": {
            "ru_utime_sec": 0.134161,
            "ru_stime_sec": 0.035758999999999999,
            "ru_nvcsw": 417,
            "ru_maxrss_kb": 129952,
            "ru_minflt": 10292,
            "ru_majflt": 0,
            "ru_nivcsw": 16
        },
        "ru_childs_end": {
            "ru_utime_sec": 0.014319999999999999,
            "ru_stime_sec": 0.018367999999999999,
            "ru_nvcsw": 20,
            "ru_maxrss_kb": 118476,
            "ru_minflt": 3967,
            "ru_majflt": 0,
            "ru_nivcsw": 2
        },
        "cpu_cycles_end": 3025857257938083
    },
    "reusePaths": {
        "amcQw_d": {
            "icPath": "csrc"
        },
        "reYIK_d": {
            "icPath": "csrc"
        }
    },
    "ObjArchives": [
        {
            "archive": "archive.9/_267499_archive_1.a",
            "objects": [
                [
                    "WfA7Y_d.o",
                    61214
                ],
                [
                    "amcQwB.o",
                    101850
                ]
            ],
            "size": 163064
        }
    ]
}